{"epoch":2,"trainer/global_step":65,"_timestamp":1.7410146024665573e+09,"_runtime":3.113236725,"_step":65,"_wandb":{"runtime":3},"train_loss":0.8568870425224304}